id,name,lat,lon
358912661,Ryssby Church,40.1397074,-105.2063759
358916552,Chapel in the Hills,39.8941534,-105.3355476
358916697,Sacred Heart of Mary Church,39.9888743,-105.195543
358917207,Ralston Church,39.8308199,-105.1647089
358918509,Concordia Lutheran Church,39.6935986,-105.1508202
358918546,Mother Cabrini Shrine,39.7066543,-105.2324892
358918616,Applewood Valley United Methodist Church,39.7480429,-105.1588755
358918620,Shepherd of the Hills Presbyterian Church,39.7469316,-105.1269301
358919038,JCRS Isaac Solomon Historic Synagogue (historical),39.7428157,-105.0690964
358919312,Mountain High Chapel,39.5639818,-105.2384179
358919324,Gilmore Chapel,39.6163768,-105.2413792
358919981,Brotherhood of the White Temple,39.3366567,-105.0372079
358920603,Elmwood Church,39.964151,-104.8338623
358921475,Shepherd of the Hills Lutheran Church,39.577541,-104.9615942
358921564,Bear Canyon Church,39.3680454,-104.9605383
358945952,Trinity Lutheran Church,40.0201155,-105.2812044
358945956,First Church of Christ Scientist,40.0209567,-105.2801741
358946060,Boulder Seventh-day Adventist Church,40.0208492,-105.2919414
358947372,Westview Presbyterian Church,40.1855404,-105.1305396
358947374,Spirit of Peace Catholicf Church,40.1852626,-105.1305396
358947376,Longmont Church of the Nazarene,40.1805404,-105.1285951
358947383,Faith Bible Chapel,39.9993742,-105.1223496
358947400,Rocky Mountain Christian Church,40.1030405,-105.1327623
358947403,Eternal Savior Lutheran Church,40.0124595,-105.130443
358947405,Saints Peter and Paul Greek Orthodox Church,40.0506174,-105.2222387
358947407,City On the Hill Church,40.0149852,-105.1791534
358947410,Jehovah's Witnesses,40.0008186,-105.195543
358947417,East Boulder Baptist Church,39.9988741,-105.1747089
358947419,Fairview Bible Chapel,39.9944296,-105.1749867
358947422,Boulder Valley Church of Christ,39.9913742,-105.1738755
358947427,Saint Ambrose Episcopal Church,39.9860964,-105.1783202
358947429,New Hope Family Christian Center,39.9819297,-105.168042
358947434,Flatirons Baptist Church,39.9863745,-105.2255441
358947451,The Church of Jesus Christ of Latter-day Saints,39.9872074,-105.1555415
358947458,Boulder First Church of the Nazarene,40.0516523,-105.2597118
358947460,Bethel United Methodist Church,40.0333189,-105.27249
358947468,First Methodist Episcopal Church,40.0197079,-105.2777681
358947472,Nederland Community Presbyterian Church,39.962487,-105.5119423
358947477,Saint Rita's Catholic Church,39.9633202,-105.50722
358947482,King of Glory Lutheran Church,39.8024866,-105.1105405
358947496,Holy Shepherd Lutheran Church,39.7316287,-105.1089178
358947793,Islamic Center of Boulder,40.000484,-105.2258783
358947800,The Church of Jesus Christ of Latter-day Saints,39.9347075,-105.0716498
358947803,Broomfield Community Church,39.9327631,-105.075261
358947808,Broomfield United Methodist Church,39.9299854,-105.0777611
358947815,Presbyterian Church of Broomfield,39.9227632,-105.071372
358947820,Broomfield Assembly of God Church,39.9127733,-105.0737641
358947829,First Baptist Church,39.8991534,-105.3444368
358948003,Longmont Buddhist Temple,40.1389986,-105.1028771
358948009,Saint John the Baptist Catholic Church,40.1652626,-105.0988718
358948013,Central Presbyterian Church,40.1659369,-105.1007773
358949640,Valley Bible Baptist Church,39.8125,-105.0427778
358949642,Simpson United Methodist Church,39.8061111,-105.0491667
358949645,Aurora Community Baptist Church,39.7453739,-104.8548074
358949647,Aurora First Presbyterian Church,39.7413889,-104.8591667
358949650,First Baptist Church,39.7422777,-104.8661422
358949652,New Nation Church of God in Christ,39.747799,-104.8628233
358949654,Saint Matthew Lutheran Church,39.7421645,-104.8661487
358949659,Church of God Prophecy,39.8036111,-104.9094444
358949664,Derby Bible Church,39.8280556,-104.9105556
358949689,Rose Hill Tabernacle,39.8127778,-104.9133333
358949693,Soul Care Full Gospel Center,39.8216667,-104.915
358949698,Berean Church,39.8777778,-104.9797222
358949701,Calvary Baptist Church,39.8558333,-104.9680556
358949708,Church of Christ,39.8558333,-104.9669444
358949715,The Church of Jesus Christ of Latter-day Saints,39.8397222,-105.0125
358949718,Fairview Baptist Church,39.8397366,-105.0199116
358949720,First Spanish Foursquare Church,39.8363889,-105.0147222
358949723,Mount Zion Lutheran Church,39.8356239,-104.9928874
358949726,New Song Fellowship Church,39.8458333,-105.0052778
358949728,Our Lady of the Assumption Church,39.8386111,-104.9580556
358949731,Thorton-Westminster First Church,39.8447222,-105.0041667
358949735,Valley Vista United Methodist Church,39.8352778,-105.0016667
358949744,First Southern Baptist Church,39.8891667,-104.9772222
358949748,Northglenn Christian Church,39.8880556,-104.9641667
358949751,Northglenn United Church of Christ,39.8872478,-104.9818281
358949753,Northside Baptist Church,39.9063889,-104.9766667
358949757,Mountain View Lutheran Church,39.8614494,-104.9682594
358949762,North Hills Church of God,39.8582487,-104.9671607
358949765,Rocky Mountain Gospel Chapel,39.8561111,-104.9597222
358949773,Advent Lutheran Church,39.8413889,-105.0363889
358949776,Apostolic Faith Tabernacle,39.8379307,-105.0443804
358949778,First Baptist Church of Westminster,39.8352778,-105.0347222
358949780,First Southern Baptist Church,39.8413907,-105.03393
358949783,Holy Trinity Catholic Church,39.8341693,-105.0266115
358949785,Westminster Presbyterian Church,39.8305556,-105.0397222
358949788,Westminster United Methodist Church,39.8350304,-105.0336625
358949793,Burns Memorial United Methodist Church,39.7325898,-104.8537906
358949796,The Church of Jesus Christ of Latter-day Saints,39.6308333,-104.8111111
358949801,Consolation Christian Church,39.7381301,-104.8556101
358949803,Faith Temple Church of God in Christ,39.7281772,-104.8436424
358949805,Grace And Love Fellowship Church,39.7379978,-104.8649517
358949808,Greater Faith Christian Center,39.7366667,-104.8619444
358949810,Hope Lutheran Church,39.7367523,-104.8556477
358949813,Kingdom Hall Jehovah's Witnesses,39.6678517,-104.7806185
358949817,Korean Full Gospel Church,39.7381284,-104.8642717
358949821,Leake Memorial Methodist Church,39.7367123,-104.8643572
358949827,Mississippi Avenue Baptist Church,39.6972812,-104.8358333
358949829,Mount Olive Lutheran Church,39.6741667,-104.8547222
358949832,New Hope Community Church,39.6536111,-104.785
358949834,Peace With Christ Lutheran Church,39.6575,-104.7719444
358949837,Peaceful Rest Baptist Church,39.7344833,-104.856785
358949839,Queen of Peace Catholic Church,39.6987052,-104.8360222
358949842,Saint Mark's Lutheran Church,39.7287006,-104.8438505
358949844,Saint Martin In The Fields Episcopal Church,39.6313535,-104.7909896
358949846,Saint Pius Tenth Church,39.7369444,-104.8297222
358949849,Saint Therese Catholic Church,39.7361111,-104.8597222
358949851,Southeast Church of Christ,39.6681423,-104.8188084
358949854,Trinity Baptist Church,39.6393394,-104.8073922
358949856,Bethany Evangelical Free Church,39.6031877,-104.9875831
358949858,Church of Christ,39.5988889,-104.9427778
358949861,Denver Colorado Temple,39.5686528,-104.9657537
358949863,Congregation Beth Shalom,39.6058333,-104.9802778
358949866,Denver Sam Sung Presbyterian Church,39.5899203,-104.9866631
358949868,Faith Community Fellowship Church,39.5944444,-104.9411111
358949870,Family Worship Center,39.6025987,-104.9796089
358949873,Grace Point Community Church,39.6091667,-104.9869444
358949875,Skyview Presbyterian Church,39.5947222,-104.9852778
358949880,Highline Community Church Center,39.601956,-104.9609223
358949882,Lutheran Church of the Holy Spirit,39.6019444,-104.9583333
358949885,Our Father Lutheran Church,39.6019444,-104.9236111
358949887,Saint Timothy's Episcopal Church,39.5812224,-104.9716197
358949890,South Holly Baptist Church,39.5882493,-104.9244414
358949892,Mosaic Church,39.6419692,-104.9867835
358949895,Bethany Baptist Church,39.6401928,-104.988577
358949897,Calvary Baptist Church,39.6281035,-104.9895171
358949900,Cherry Hills Full Gospel Center,39.6282873,-104.9779298
358949902,Church of Christ,39.6315056,-104.9828583
358949904,The Church of Jesus Christ of Latter-day Saints,39.6336629,-104.9765806
358949940,Cornerstore Free Methodist Church,39.638229,-104.9862218
358949942,Englewood Bible Church,39.6592082,-104.983731
358949945,First Presbyterian Church of Englewood,39.6528081,-104.9825418
358949952,Good Shepherd Episcopal Church,39.5811111,-104.89
358949954,Grace Evangelical Lutheran Church,39.6304817,-104.9780237
358949959,Korean Emmanuel United Methodist Church,39.6610009,-104.9600717
358949961,Mayflower Congregational Church,39.6622222,-104.9894444
358949964,Saint George's Episcopal Church,39.6498609,-104.9777746
358949966,Saint Louis Catholic Church,39.6566315,-104.9849063
358949968,Saint Mark Coptic Orthodox Church,39.6300248,-104.9812172
358949970,Saint Thomas More Catholic Parish,39.5706604,-104.9060934
358949973,Seventh Day Adventist Reformed Church,39.6369412,-104.9868993
358949975,Ahavas Yisroel Aish Hatorah,39.6235695,-104.8774947
358949978,Cherry Creek Presbyterian Church,39.6230556,-104.8708333
358949980,Grace Korean Baptist Church,39.6234682,-104.8812524
358949982,Greenwood Community Church,39.6230556,-104.9219444
358949985,Hope United Methodist Church,39.6235388,-104.8765514
358949990,Saint Catherine Greek Orthodox Church,39.6175,-104.8863889
358949992,Saint Peter Lutheran Church,39.6235471,-104.8799946
358949994,Ascension Lutheran Church,39.6027778,-105.0077778
358949997,Church of God Holiness,39.6147222,-104.9936111
358949999,The Church of Jesus Christ of Latter-day Saints,39.59,-104.9663889
358950002,Community of Christ Church,39.6102778,-104.9669444
358950004,First Presbyterian Church,39.6136111,-105.0072222
358950006,Holy Trinity Lutheran Church,39.6022222,-104.9983333
358950009,Littleton Baptist Church,39.6022222,-105.0052778
358950011,Littleton United Methodist Church,39.61,-105.0038889
358950014,Prince of Peace Church,39.5902778,-105.0066667
358950016,Saint Mary's Catholic Church,39.5951709,-105.0170025
358950018,Salvation Army Worship Center,39.5947304,-104.9419904
358950242,Alameda Heights United Methodist Church,39.7114178,-105.0321444
358950244,American Lutheran Memorial Church,39.725,-105.0419444
358950246,Antioch Baptist Church,39.7534653,-104.9704881
358950251,Augustana Lutheran Church,39.7105618,-104.9286502
358950255,Baha'i Faith Metro Denver Center,39.7149484,-104.9841694
358950259,Baptist Bible Temple,39.7008333,-105.0405556
358950262,Bear Valley Church of Christ,39.6675,-105.0677778
358950266,Berkeley Baptist Church,39.7763907,-105.0400073
358950269,Berkeley Community Church,39.7877778,-105.0361111
358950273,Bethany Christian Church,39.7663889,-105.0530556
358950277,Bethany United Methodist Church,39.7184544,-105.0341705
358950281,Bethel Church of Christ,39.760549,-104.9564502
358950284,Bethel Presbyterian Church,39.7383333,-105.0338889
358950289,Bonnie Brae Baptist Church,39.7036537,-104.9583513
358950292,Brentwood United Methodist Church,39.6827778,-105.0302778
358950297,Calvary Baptist Church,39.6536643,-104.9119641
358950301,Calvary Temple,39.7118906,-104.9583979
358950305,Cameron United Methodist Church,39.6873425,-104.9800751
358950309,Campbell Chapel African Methodist Episcopal Church,39.7492244,-104.9692981
358950312,Capitol Heights Presbyterian Church,39.7337981,-104.9526008
358950320,Central Christian Church,39.7097222,-104.9472222
358950323,Chafee Community Baptist Church,39.7875,-105.0127778
358950327,Christ Community Church,39.6536297,-104.8950154
358950331,Christ Congregational Church,39.6738889,-105.0527778
358950334,Christ Episcopal Church,39.6636111,-104.9586111
358950339,Christ Lutheran Church (Mo. Synod),39.6678327,-104.9691871
358950342,Christ The King Lutheran Church,39.6747222,-105.0383333
358950350,Christ Way Community Church,39.6627643,-104.9600021
358950353,Christian Indian Center,39.7073449,-104.9807473
358950357,Church In The City - Beth Abraham,39.7413785,-104.9606585
358950361,Church of All Saints,39.6722222,-105.0266667
358950365,Church of Christ,39.7775152,-104.9538624
358950372,The Church of Jesus Christ of Latter-day Saints,39.6670123,-104.9122157
358950376,The Church of Jesus Christ of Latter-day Saints,39.7079318,-105.0160607
358950380,Church of the Annuciation,39.7671517,-104.9700053
358950383,Church of the Ascension,39.7258966,-104.9667794
358950388,Church of the Good Shepherd,39.7269444,-104.9563889
358950391,Church of the Resurrection,39.7747222,-105.0494444
358950395,Church of the Risen Christ,39.6614142,-104.9122467
358950399,Community of Christ Church,39.7236111,-104.9713889
358950410,Cornerstone Baptist Church of Greater Denver,39.7106243,-105.0363725
358950414,Corona Presbyterian Church,39.7293139,-104.9725708
358950419,Daybreak Outreach Church,39.6983333,-105.0208333
358950424,Denver Community Church,39.6964095,-104.9795935
358950429,Denver First Wesleyan Church,39.6927778,-105.0319444
358950433,Denver Gospel Hall,39.7622222,-104.9675
358950439,Denver Grace Brethren Church,39.7036111,-105.0247222
358950444,Denver Temple Baptist Church,39.7151045,-104.9402403
358950447,East Denver Church of God,39.761543,-104.9132421
358950449,Emmanuel United Methodist Church,39.6675229,-104.9730173
358950453,Emmaus Lutheran Church,39.7611111,-105.0297222
358950460,Epiphany Episcopal Church,39.7182756,-104.9402836
358950466,Epiphany Lutheran Church,39.7022562,-104.9742993
358950473,Eternal Life Temple,39.7033333,-105.035
358950477,Ethiopian Orthodox Church,39.7254233,-104.9806995
358950486,Faith Church of the Nazarene,39.6730556,-105.0525
358950491,Faith Lutheran Church,39.7833333,-105.0233333
358950494,Faith United Methodist Church,39.7622222,-105.0525
358950498,First Avenue Presbyterian Church,39.7181719,-104.9895954
358950504,First Christian Reformed Church,39.683611,-104.9766078
358950508,First Denver Friends Church,39.78,-105.0241667
358950512,Althea Center for Engaged Spirituality,39.7387467,-104.9656358
358950524,First Spanish Baptist Church,39.6752778,-105.0244444
358950527,First Spiritual Science Church,39.6553034,-104.9320532
358950540,Garden Park Mennonite Brethren Church,39.6858333,-105.0166667
358950544,Gethsemane Baptist Church,39.6752778,-105.0175
358950547,Gloveville Community Church,39.7880556,-104.9872222
358950551,Good Shepherd Lutheran Church,39.7025,-105.0244444
358950561,Grace United Methodist Church,39.6681011,-104.9298793
358950566,Grant Avenue Church,39.7127386,-104.9836031
358950571,Greater Harvest Church of God,39.7786111,-104.9863889
358950575,Green Acres Church of the Nazarene,39.6891333,-105.0165655
358950582,Harvey Park Christian Church,39.6561111,-105.0338889
358950589,High Street United Methodist Church,39.7646925,-104.96509
358950601,Highlands Lutheran Church,39.7713889,-105.0302778
358950610,Hillcrest Christian Reformed Church,39.6627778,-104.9644444
358950614,His Love Fellowship Church,39.730738,-104.9998602
358950622,Holy Rosary,39.7816667,-104.98
358950626,Hope Community Church,39.6837459,-104.9831844
358950630,House of Joy Miracle Deliverance,39.7616626,-104.914941
358950633,Iglesia Del Dios Vivo,39.7388889,-105.035
358950640,Iglesia Del Dios Vivos,39.7872222,-104.9511111
358950649,Indian Bible Church,39.7058922,-104.9832633
358950652,Islamic Center of Ahl-Al-Beit,39.7132157,-105.0353449
358950655,Greater Temple of Jerusalem Church,39.7672181,-104.9242981
358950660,John Collins United Methodist Church,39.6747222,-104.99
358950663,Jordan Chapel African Methodist Episcopal Church,39.7585822,-104.9520237
358950666,Kirk of Bonnie Brae Church,39.6945386,-104.9503562
358950671,Korean Central Presbyterian Church,39.6877345,-104.9333199
358950673,Korean Christian Church,39.6895514,-104.9601171
358950677,La Antorcha United Pentecostal Church,39.7852778,-105.0155556
358950680,Landmark Tabernacle,39.6672222,-105.0538889
358950685,Living Water Tabernacle,39.6855556,-104.9855556
358950693,Macedonia Baptist Church,39.7623223,-104.9483231
358950697,Messiah Baptist Church,39.7769444,-105.0297222
358950699,Most Precious Blood Catholic Church,39.6763061,-104.9418113
358950704,Mother of God Church,39.7238889,-104.9827778
358950707,Mount Calvary Apostolic Church,39.709134,-104.9823164
358950710,Mount Calvary Lutheran Church,39.7667761,-104.9593321
358950713,Mountain View Baptist Church,39.7120448,-105.0381134
358950716,Mountain View Community Reformed Church,39.69,-105.0386111
358950718,New Jerusalem Baptist Church,39.7652922,-104.9744229
358950723,New Life Fellowship Church,39.6975,-105.0213889
358950725,New Testament Holiness Church,39.7596995,-104.9664441
358950728,North Presbyterian Church,39.7677778,-105.0258333
358950730,Our Lady of Grace Church,39.7841667,-104.9555556
358950735,Our Lady of Lourdes Parish,39.6752223,-104.9823074
358950744,Park Hill United Church of Christ,39.7552622,-104.9147792
358950747,Park Hill Presbyterian Church,39.7647684,-104.9397548
358950749,Park Hill Seventh Day Adventist Church,39.7640451,-104.9397109
358950752,People's Presbyterian Church,39.7567468,-104.9594407
358950754,Praise Center Church,39.69,-105.0269444
358950757,Presentation of Our Lady Church,39.7274263,-105.0309786
358950760,Providence Orthodox Presbyterian Church,39.6678831,-104.9739393
358950765,Redeemer Lutheran Church,39.7099912,-105.0302149
358950767,Rocky Mountain Miracle Center,39.6812006,-104.9455127
358950772,Saint Andrew Presbyterian Church,39.6566667,-105.0527778
358950777,Saint Catherine of Siena Church,39.7744444,-105.0247222
358950779,Saint Dominics Church,39.7588889,-105.0258333
358950784,Saint John's At Washington Park Church,39.7036111,-104.9683333
358950786,Saint Joseph Polish Catholic Church,39.7802778,-104.9811111
358950799,Saint Luke Christian Methodist Episcopal Church,39.7648863,-104.9458568
358950802,Saint Marks Orthodox Church,39.6909708,-104.9632314
358950806,Saint Mary Magdalane Church,39.7575,-105.0525
358950808,Saint Mary's Church,39.675086,-104.9548519
358950811,Saint Michael And All Angels Church,39.6908997,-104.9589182
358950818,Saint Philip And Saint James Episcopal Church,39.665,-105.035
358950821,Saint Rose of Lima Catholic Church,39.7099587,-105.0042996
358950827,Second Christian Reformed Church,39.6824609,-104.9762099
358950829,Seventh Avenue United Church of Christ,39.7275,-105.0336111
358950832,Shiloh Baptist Church,39.7640655,-104.9155525
358950834,Sixth Avenue United Church,39.7252909,-104.9489591
358950836,Sloan's Lake Community Church of God,39.7572222,-105.045
358950839,Templo Sion,39.7038889,-105.0347222
358950842,Third Christian Reformed Church,39.6731134,-104.93781
358950845,Transfiguration of Our Lord Church,39.7730556,-105.0097222
358950847,Trinity Lutheran Church,39.6683333,-105.0430556
358950850,Triumphant Lutheran Church,39.6855579,-104.9837746
358950852,True Faith Church of God in Christ,39.7492316,-104.9656791
358950855,Un Encuentro Con Dios,39.7297222,-105.0319444
358950860,University Church of Christ,39.6798877,-104.9518478
358950863,University Hills Baptist Church,39.6666667,-104.9358333
358950865,University View Christian Church,39.6863078,-104.9352559
358950867,Valverde Community Church,39.7086827,-105.0107414
358950871,Warren United Methodist Church,39.7380185,-104.967618
358950874,Washington Park Chapel,39.6983333,-104.9808333
358950877,Washington Park United Church,39.7091667,-104.9661111
358950885,Wat Buddhawararam,39.7841667,-105.0313889
358950893,Wellshire Presbyterian Church,39.6630534,-104.9413096
358950902,Westside Christian Fellowship Church,39.7226272,-105.0328207
358950945,Holy Ghost Catholic Church,39.7480954,-104.9879637
358950966,Saint Peter And Saint Mary Episcopal Church,39.7190877,-104.9897987
358950968,South Broadway Christian Church,39.7167498,-104.9865488
358950970,First Baptist Church of Denver,39.7381609,-104.9839994
358950990,Unity Temple of Pratical Christianity,39.7410235,-104.9638107
358950997,Saint Luke's Episcopal Church,39.7369898,-104.9042406
358950999,Blessed Sacrament Catholic Church,39.7468805,-104.9306536
358951002,Mountview Boulevard Presbyterian Church,39.7469487,-104.9318013
358951004,Saint Thomas Episcopal Church,39.7497222,-104.9333333
358951161,Pilgrim Chapel,39.7908333,-105.0322222
358951168,Arvada Christian Church,39.8094444,-105.0872222
358951170,Arvada Church of Christ,39.8193525,-105.129488
358951172,Arvada Mennonite Church,39.8041667,-105.115
358951176,Arvada Presbyterian Church,39.7977778,-105.1044444
358951178,Arvada United Methodist Church,39.8188889,-105.0902778
358951181,Centerpoint Community Church,39.8097222,-105.1008333
358951183,Christ Community Covenant Church,39.8452778,-105.1305556
358951186,Christ The King Episcopal Church,39.8147222,-105.0905556
358951189,The Church of Jesus Christ of Latter-day Saints,39.8158333,-105.1227778
358951196,Community In Christ Lutheran Church,39.8427778,-105.1355556
358951198,Denver Church of Christ,39.8222222,-105.0922222
358951203,Hillcrest Baptist Church,39.8080556,-105.1383333
358951205,Korean Presbyterian Church,39.8383333,-105.1108333
358951208,Northwest Community Church,39.8416085,-105.1307856
358951210,Northwest Friends Church,39.8172222,-105.1083333
358951213,Peace Lutheran Church,39.7997222,-105.0986111
358951215,Saint Anne's Catholic Church,39.8013889,-105.0805556
358951217,Saint Joan of Arc Catholic Church,39.8025,-105.1422222
358951220,Ward Road Baptist Church,39.8037459,-105.1365816
358951222,Beth Eden Baptist Church,39.7561111,-105.0802778
358951224,Edgewater United Methodist Church,39.7527416,-105.0606105
358951227,Emmauel Church,39.7541667,-105.0677778
358951229,Fellowship Bible Church,39.7541667,-105.0677778
358951232,Templo Tu Iglesia,39.7552778,-105.0577778
358951234,Calvary Baptist Church,39.7369444,-105.1925
358951236,Calvary Episcopal Church,39.7538889,-105.2216667
358951241,The Church of Jesus Christ of Latter-day Saints,39.7616667,-105.1758333
358951243,Fairmount Bible Church,39.7827778,-105.1688889
358951264,Hillside Community Church,39.7664934,-105.2279965
358951267,Islamic Center of Golden,39.7502778,-105.2136111
358951269,Jefferson Unitarian Church,39.7611111,-105.16
358951274,Saint Luke's Lutheran Church,39.7477778,-105.1466667
358951285,Wide Acres Baptist Church,39.72772,-105.1584138
358951288,An Bang Buddhist Temple,39.7,-105.0575
358951290,Applewood Baptist Church,39.7613889,-105.1247222
358951293,Bear Creek Evangelical Church,39.6608333,-105.1102778
358951295,Bethel Christian Fellowship Church,39.7188889,-105.0561111
358951297,Christ Chapel of the Rockies,39.7175,-105.06
358951300,Christ On The Mountain Parish,39.6847222,-105.1538889
358951302,Bethlehem Lutheran Church,39.7491667,-105.0808333
358951307,Cloverdale Church of God,39.6933333,-105.0594444
358951309,First Baptist Church of Lakewood,39.7377778,-105.0869444
358951316,First Presbyterian Church,39.7324794,-105.0894954
358951319,Grace Fellowship Church of Lakewood,39.7197222,-105.1011111
358951323,Green Mountain Presbyterian Church,39.6977778,-105.1425
358951326,Lakewood Christian Church,39.7480556,-105.11
358951328,Lakewood Christian Fellowship Church,39.7161111,-105.0705556
358951330,Lakewood Church of the Nazarene,39.7438889,-105.0938889
358951333,Lakewood First Church of Christ Scientist,39.7425,-105.1011111
358951335,Lakewood First United Methodist Church,39.7380556,-105.0891667
358951338,Lakewood New Life Center,39.7183333,-105.0541667
358951340,Lakewood United Church of Christ,39.7188889,-105.09
358951342,Landmark Missionary Baptist Church,39.710459,-105.1151651
358951345,Lachwood Christian Fellowship Church,39.6919444,-105.1283333
358951347,Mile Hi Church,39.7117162,-105.0975849
358951349,Mile High Baptist Church,39.6522222,-105.0877778
358951352,Mountair Christian Church,39.7383333,-105.0552778
358951354,New Hope Ministries,39.7008333,-105.0541667
358951356,Our Lady of Fatima Catholic Church,39.7472222,-105.115
358951360,Phillips United Methodist Church,39.6911111,-105.0713889
358951366,Saint Bernadette Catholic Church,39.7344444,-105.0772222
358951368,Saint Jude Catholic Parish of Lakewood,39.6908333,-105.1041667
358951370,Saint Paul's Episcopal Church,39.7327778,-105.1008333
358951373,Saint Paul's United Church,39.7513889,-105.0863889
358951375,Seventh Day Baptist Church,39.7513889,-105.0825
358951378,Southwest Bible Chapel,39.6891667,-105.0541667
358951380,Belleview Community Church,39.6233462,-105.1388114
358951382,The Church of Jesus Christ of Latter-day Saints,39.623798,-105.1409996
358951385,Dakota Ridge Assembly,39.6247222,-105.1263889
358951389,Saint Philip Lutheran Church,39.5802778,-105.0675
358951392,Morrison Community Church,39.6538889,-105.1894444
358951395,Abundant Grace Fellowship Church,39.7788889,-105.0819444
358951399,The Church of Jesus Christ of Latter-day Saints,39.7652778,-105.0541667
358951402,Clear Creek Valley Baptist Church,39.7786111,-105.1163889
358951404,Community of Christ Church,39.7675,-105.1375
358951408,Covenant Presbyterian Church,39.7763889,-105.0644444
358951411,Evangel Baptist Church,39.7733333,-105.0677778
358951413,Glory of God Lutheran Church,39.7677778,-105.1355556
358951416,Holy Cross Lutheran Church,39.7788889,-105.0808333
358951418,Jefferson Avenue United Methodist Church,39.7786111,-105.1105556
358951420,Miller Street Church of Christ,39.7805556,-105.1147222
358951424,Park View Bible Baptist Church,39.7633333,-105.0591667
358951426,Ridgeview Baptist Church,39.7676731,-105.141935
358951430,Saint James Episcopal Church,39.7769444,-105.0897222
358951433,Saint Peter And Paul Church,39.7711111,-105.0716667
358951435,Trinity Baptist Church,39.7783333,-105.0694444
358951440,Wheatridge Presbyterian Church,39.7688889,-105.1
358951665,Calvary Chapel South Denver,39.5790933,-105.0991985
358951668,The Church of Jesus Christ of Latter-day Saints,39.5942395,-105.0785321
358951673,Columbine Baptist Church,39.5949596,-105.0608325
358951676,Columbine Church of Christ,39.5811111,-105.0866667
358951680,Columbine Unitarian Universalist Church,39.5944444,-105.0769444
358951683,Deer Creek Community Church,39.5688889,-105.0733333
358951686,Fellowship Church,39.5816667,-105.0980556
358951694,Ken Caryl Baptist Church,39.5816667,-105.0911111
358951701,Living Savior Lutheran Church,39.5947222,-105.0883333
358951704,Meadowbrook Christian Church,39.5811111,-105.0722222
358951707,Saint Gregory's Episcopal Church,39.5666667,-105.0711111
358951711,Trinity Christian Center,39.595,-105.0675
358951740,Bergen Park Evangelical Free Church,39.6913889,-105.3619444
358951743,Christ The King Catholic Church,39.6383333,-105.3325
358951746,Church of the Hills,39.6286111,-105.3227778
358951753,First Baptist Church,39.6411111,-105.3383333
358951758,First Church of Christ Scientist,39.6386111,-105.3183333
358951761,Lutheran Church of the Cross,39.6386111,-105.3208333
358951764,Mountain Song Foursquare Church,39.6363889,-105.2680556
358951854,Saint Matthew's Episcopal Church,39.5175,-104.7622222
358951858,Christ Our Redeemer African Methodist Episcopal Church,39.7913889,-104.835
358951861,First Christian Assembly Church,39.7925,-104.8436111
358951865,Light of the World Praise Church,39.7731327,-104.8484837
358951869,Montbello Catholic Parish Church,39.7925,-104.8241667
358951873,Northeast Church of Christ,39.7924905,-104.8234621
358951876,Saint Andrew Lutheran Church,39.7856498,-104.8458754
358951883,True Light Baptist Church,39.7866667,-104.8238889
358951886,United Church of Montbello,39.7841667,-104.8322222
358951890,Vietnamese Community Baptist Church,39.7891667,-104.8186111
358951893,Aurora First United Methodist Church,39.7613738,-104.8363233
358951897,Our Lady of Victory Roman Catholic Chapel,39.7540126,-104.819105
358951900,Khmer Christian Reformed Church,39.7666667,-104.8072222
358951907,Christ The King Fellowship Church,39.9144444,-104.9688889
358951911,Calvary Community Baptist Church,39.9136088,-104.9670755
358951915,Trinity Chrsitian Fellowship Church,39.9133351,-104.9592966
358951918,Good Shepherd United Methodist Church,39.9277797,-104.9428919
358951921,Village Baptist Church,39.9275,-104.9341667
358951928,North Metro Church,39.9236111,-104.9408333
358951932,Lord of Life Lutheran Church,39.9160681,-104.9343193
358951938,Saint John's Lutheran Church,39.8967837,-104.9397058
358951942,Saint Stephen's Episcopal Church,39.7223268,-104.8480171
358951945,Parkview Congregational Church,39.7213889,-104.8411111
358951947,Hands-On Christian Church,39.696915,-104.8373745
358951949,Christ The Savior Lutheran Church,39.6970761,-104.8512041
358951957,Tower Community Fellowship Church,39.6831448,-104.7717105
358951961,Christ Our Redeemer Evangelical Lutheran Church,39.6737842,-104.7782786
358951965,New Life Evangelical Free Church,39.6732474,-104.7796948
358951968,Redeemed Chrsitian Church of God,39.6740722,-104.7938473
358951971,All Saints Lutheran Church,39.6749287,-104.8051646
358951976,Meadowood Church,39.6597222,-104.7997222
358951980,Meadow Hills Baptist Church,39.655473,-104.8063031
358951984,Christ Temple Family Life Center,39.6538851,-104.811759
358951991,White Stone Presbyterian Church,39.6389469,-104.8257434
358951996,Aurora Korean Church,39.6372222,-104.8280556
358952000,First Church of Christ Scientist,39.6380556,-104.8036111
358952003,Holy Love Lutheran Church,39.6405556,-104.8091667
358952007,Saint Lawrence Korean Catholic Church,39.6377778,-104.7875
358952010,New Day Christian Fellowship Church,39.6286099,-104.797069
358952135,Church of Christ of Cherry Vista,39.6186111,-104.8675
358952138,All God's Children Assembly Church,39.618922,-105.0051609
358952143,Centennial Lutheran Church,39.6244444,-105.0344444
358952147,Community Life Church of South Denver,39.6080556,-105.0377778
358952151,First Church of Christ Scientist,39.6125,-105.01
358952154,Saint James Presbyterian Church,39.6247429,-105.0359931
358952156,Littleton Bible Chapel,39.6072222,-105.0047222
418798519,The Tree,40.0069917,-105.0837568
442348021,The Chapel,39.3720993,-104.8588551
447999328,Cornerstone Church SBC,39.5359889,-104.9032988
447999740,Jubilee Fellowship Church,39.5369222,-104.9014964
470366125,Lutheran Church,39.6125652,-105.1297205
558819369,Jehovah's Witnesses,40.0515261,-105.2169001
564831539,Jewish Community Center,40.039634,-105.2459802
564858429,South Broadway Church of the Nazarene,39.9890961,-105.2547435
564859420,Cornerstone Church,39.9781591,-105.2425727
598404763,Horizon Christian Fellowship,39.6230977,-105.0283962
652828081,The Church of Jesus Christ of Latter-day Saints,39.5298114,-104.9402811
676288320,Saint Vincent De Paul Church,39.6951034,-104.9584703
706541389,The Church of Jesus Christ of Latter-day Saints,39.3984829,-104.9057588
741504204,Boulder Mennonite Church,39.9855589,-105.2479713
763628717,The Rock of Southwest,39.6132324,-105.1149019
769238016,Glennon Heights Mennonite Church,39.7070216,-105.1271118
807335843,Congregation Bonai Shalom,40.0130034,-105.213409
945519447,Waterstone Community Church,39.6117235,-105.145453
949235887,St. Pauls Catholic Church,39.7430619,-105.5152621
984913612,St. Mary Magdalene,40.0616353,-105.170042
995564481,Jehovah's Witnesses Pine Congregation,39.4292588,-105.4636363
1008632452,Light of the World Catholic Church,39.6093068,-105.1141951
1195095254,Grace Lutheran Church,40.0058398,-105.2763951
1213566697,Saint Francis of Assisi Catholic Church,39.3753433,-104.8368181
1311006773,The Church of Jesus Christ of Latter-day Saints,39.5815741,-104.7179605
-1137,Alameda Hills Baptist Church,39.7114485,-105.0925011
1579202267,Rocky Mountain Islamic Center,39.6816567,-105.0857077
1579202334,Calvary Lakewood,39.6811696,-105.0858339
1581680140,Flatirons Community Church,39.9888108,-105.0931309
1628926057,Our Lady of The Pines Catholic Church,39.5456933,-105.2820307
1796609428,Church of the Holy Comforter,39.9283301,-105.088914
1832759526,Conference Baptist Church,39.5871133,-105.308954
1832759552,Church of Jesus Christ of the Latter Day Saints,39.5789769,-105.3110032
1835556226,Pine Community Church,39.4075716,-105.3196458
1972865948,All Souls Church,40.0209658,-105.2919664
1985343301,Marilyn Hickey Ministries,39.6102933,-104.895425
2031310166,Shepherd of the Hills,40.0722724,-105.1883899
2073941586,Niwot United Methodist Church,40.0733142,-105.1817404
2077121904,Seventh Day Baptist,40.0139236,-105.1949578
2077875322,Denver South Seventh Day Adventist Church,39.6683431,-104.9740542
2202040842,The Church of Jesus Christ of Latter-day Saints,39.9861916,-105.2408585
2276408288,St. Raphael's,39.6357141,-105.3148156
2290942145,The Church of Jesus Christ of Latter-day Saints,40.1319661,-104.9552582
2302182807,The Rock,39.4041763,-104.9181111
2315574836,New Hope Presbyterian Church,39.4015337,-104.8848063
2418587254,First Plymouth Congregational Church,39.6523141,-104.9415901
2418587540,Denver First Church of the Nazarene,39.652483,-104.94382
2427677287,The Potter's House of Denver,39.6906871,-104.8787041
2500161728,First Unitarian Society of Denver,39.7387753,-104.9703687
2504303654,St. Thomas Aquinas University Parish,40.0034333,-105.2745576
2524893632,Rockland Community Church,39.7151351,-105.2948949
2524946251,The Church of Jesus Christ of Latter-day Saints,39.7105101,-104.8583673
2526046818,Village East Baptist Church,39.6962235,-104.8560238
2526046824,Seventh Day Adventist Church,39.6961142,-104.8550663
2729050353,St. Frances Cabrini Parish,39.566756,-105.072269
2755292505,Denver Korean Vineyard Church,39.6543328,-104.8712438
2757717142,Colorado Avenue Bible Church,39.6834869,-104.8680313
2771774857,New Generation Christian Ministries,39.659675,-104.8602526
2784778361,Colorado Christian Fellowship,39.6731039,-104.8641215
2795640442,Christ Church United Methodist,39.7271891,-104.940336
2800235296,Congregation Hebrew Educational Alliance,39.649886,-104.921146
2800323702,Temple Sinai,39.6526438,-104.9267523
2800359661,Bethany Lutheran Church (ELCA),39.6524105,-104.932978
2800475626,University Hills Lutheran Church,39.6594667,-104.9296706
2800494792,Disciple Mission Church of Denver,39.6520099,-104.8922807
2822050106,Medhanealem Ethiopian Orthodox Church,39.7430385,-104.9272028
2824179940,Shorter Community AME Church,39.7612534,-104.9419553
2824254028,Saint Stephen Missionary Baptist Church,39.7611894,-104.9700784
2825729648,Colorado Dawah,39.7593199,-104.9730769
2825788016,Church of the Holy Redeemer,39.7542351,-104.9655238
2825846993,Providence Bible Church,39.7560674,-104.9663521
2832921706,Cure d'Ars Catholic Church,39.7622556,-104.93229
2833070287,Graham Memorial Church of God in Christ,39.7630721,-104.9290982
2833074718,East Denver Church of Christ,39.7660699,-104.9266198
2835066607,Cleaves Memorial CME Church,39.7500317,-104.9718247
2835102899,Messiah Denver Lutheran Church,39.7446327,-104.940239
2845300779,Park Hill United Methodist Church,39.7479744,-104.9262536
2849507241,Advantage Aurora Chase Chapel,39.7326707,-104.8662056
2849634457,Boston Street Seventh Day Adventist Church,39.7371013,-104.8803382
2849880299,Greater Union Baptist Church,39.745242,-104.8867017
2857384523,Joy Christian Fellowship,39.6800339,-104.8199659
2859348217,"Sixth Church of Christ, Scientist",39.6669778,-104.9597698
2863303144,Chapel,39.6532652,-104.9717439
2863548868,L2 Church,39.7396853,-104.9577965
2865659893,Restoration Community Church,39.6747051,-104.9719291
2865675321,Evanston United Methodist Church,39.6781072,-104.9707811
2865706093,Platt Park Church,39.6873219,-104.9784415
2879385365,All Souls Church,39.6263393,-104.9826533
2902232861,Iglesia Bautista Denver,39.6419941,-105.0229877
2903626660,Peace Mennonite Community Church,39.7116212,-104.8327839
2903626689,East Alameda Church of Christ,39.7122072,-104.8318076
2906492535,Living Hope Baptist Church,39.7117005,-104.8556085
2906526235,Apostolic Christian Church,39.7116365,-104.8382493
2906569594,Aurora First Assembly of God,39.7120698,-104.8598038
2906569736,For His Glory Christian Fellowship,39.7096516,-104.8580466
2921400404,Smoky Hill Vineyard,39.6099771,-104.7545043
2922946198,Living Water Church,39.7253649,-104.8350662
2922946221,Central Baptist Church,39.7251689,-104.85102
2925540743,Glory To Glory Christian Center,39.6879543,-104.826171
2950130953,Greater Wayside Community Temple Church,39.7583489,-104.8465395
2957911134,Grace Chapel,39.5612047,-104.870188
3001431449,Parker Christian Center,39.5081284,-104.7620025
3001813032,Parker United Methodist Church,39.5018533,-104.7607699
3042034839,The Church of Jesus Christ of Latter-day Saints,39.598441,-105.113709
3045034380,The Firehouse Church,39.7633668,-105.0110657
3058649394,Church in Aurora,39.7353854,-104.8118043
3097889233,Kingdom Hall of Jehovah's Witnesses,39.7535876,-104.8712021
3097889238,Morning Star Baptist Church,39.7527298,-104.8696867
3097889263,DJIC Church of Colorado,39.7534268,-104.8687721
3102902775,Hangar 61 - Stapleton Fellowship Church,39.7488059,-104.886933
3106268046,Friends Meeting,40.0531371,-105.2745945
3309920941,Spirit of Christ Catholic Community,39.8410707,-105.0783271
3320094570,Faith Life Fellowship,39.3688202,-104.8539039
3320229660,Epiphany Lutheran Church,39.3785435,-104.8789928
3330075847,Denver United Church,39.7044102,-104.9871513
3365857110,Bethel Church Of God In Christ,39.7515998,-104.9790483
3367238431,Our Faith Baptist Church,39.7542517,-104.9765213
3368042998,Evangelist Temple Church of God In Christ,39.7539771,-104.9742055
3408172209,Lily of the Valley Church,39.7109156,-105.0487074
3408172267,Denver West Seventh Day Adventist Church,39.7115532,-105.0405267
3408181414,Saint Cajetan Catholic Church,39.7115387,-105.0428602
3408181416,The Salvation Army,39.711712,-105.0458643
3410625933,Pillar Of Fire Church,39.7370409,-104.9844956
3412202840,Bethel Biblical Church,39.7314861,-105.1059603
3415102205,Denver Reformed Church,39.7250544,-105.0606539
3422797262,Saint Thomas Indian Orthodox Church,39.7308758,-105.1086093
3437711375,Denver Church of Religious Science,39.7390796,-104.9748357
3451502937,Shambhala Meditation Center,39.6743605,-104.9014573
3458604088,New Life Fellowship Church,39.6794141,-104.8997776
3458983821,Fellowship Denver Church,39.7261335,-104.9831593
3468223343,I Am Sanctuary,39.7275434,-104.9755747
3485752578,Crossroads Bible Church,39.6551531,-104.7715679
3486024329,Chabad House,39.5362176,-104.9019089
3511444548,Scum of the Earth Church,39.7338833,-104.9996267
3517731585,Iglesia Del Dios Vivo,39.7389608,-105.000605
3534313933,Iglesia Tabernaculo De David,39.7306925,-105.0248794
